<?xml version="1.0" encoding="UTF-8"?>
<project-private xmlns="http://www.netbeans.org/ns/project-private/1">
    <editor-bookmarks xmlns="http://www.netbeans.org/ns/editor-bookmarks/2" lastBookmarkId="0"/>
    <open-files xmlns="http://www.netbeans.org/ns/projectui-open-files/2">
        <group>
            <file>file:/C:/PIC_PROJECTS/Badge2022_v1r1/badge22.s</file>
            <file>file:/C:/PIC_PROJECTS/Badge2022_v1r1/pgm.inc</file>
        </group>
    </open-files>
</project-private>
